,Rank,Name,Classification,Released games,Unreleased games,Total revenue,Avg revenue per game,Med revenue per game,HQ country,% developed in-house,% indie releases,Action,Casual,Adventure,Simulation,Strategy,RPG,MMO,Racing,Sports
0,1,Electronic Arts,AAA,167,2,3300000000.0,19700000.0,3100000.0,United States,2%,5%,48%,14%,24%,26%,24%,17%,2%,21%,23%
1,2,Ubisoft,AAA,180,2,2900000000.0,16399999.999999998,1500000.0,France,29%,4%,57%,12%,38%,13%,20%,14%,4%,9%,5%
2,3,2K,AAA,104,3,2700000000.0,26100000.0,1800000.0,United States,0%,5%,36%,5%,13%,22%,32%,17%,0%,1%,33%
3,4,Bandai Namc,AAA,145,8,2700000000.0,18400000.0,4200000.0,Japan,1%,5%,68%,16%,25%,9%,7%,30%,2%,3%,3%
4,5,Bethesda Softworks,AAA,68,0,2600000000.0,38800000.0,14800000.0,United States,4%,0%,72%,1%,12%,1%,1%,32%,1%,0%,0%
5,6,SEGA,AAA,169,9,2600000000.0,15500000.0,4800000.0,Japan,25%,8%,52%,9%,26%,17%,31%,17%,1%,6%,16%
6,7,Valve,AAA,40,1,2500000000.0,63300000.0,34900000.0,United States,35%,7%,73%,12%,12%,7%,10%,0%,0%,0%,0%
7,8,Capcom,AAA,98,1,2300000000.0,23800000.0,5300000.0,Japan,79%,1%,90%,3%,39%,0%,3%,12%,0%,0%,0%
8,9,Xbox Game Studios,AAA,60,8,2100000000.0,34400000.0,8100000.0,United States,0%,6%,59%,7%,44%,18%,19%,19%,0%,6%,1%
9,10,Feral Interactive,AA,44,0,2000000000.0,44400000.0,45700000.0,United Kingdom,43%,0%,84%,0%,43%,27%,57%,9%,0%,30%,27%
10,11,Rockstar Games,AAA,27,0,1900000000.0,70500000.0,11400000.0,United States,10%,0%,89%,0%,41%,0%,7%,0%,0%,7%,0%
11,12,Activision,AAA,82,1,1800000000.0,21500000.0,959000.0,United States,4%,0%,65%,2%,31%,7%,7%,7%,0%,1%,7%
12,13,PlayStation Publishing LLC,AAA,23,2,1500000000.0,64300000.0,30600000.0,United States,0%,8%,84%,8%,76%,0%,0%,28%,0%,0%,0%
13,14,Aspyr,AA,26,0,1400000000.0,54600000.0,6600000.0,United States,23%,8%,54%,12%,46%,19%,42%,19%,0%,0%,0%
14,15,Paradox Interactive,AA,83,4,1400000000.0,17000000.0,1700000.0,Sweden,0%,17%,15%,5%,14%,36%,77%,28%,0%,1%,3%
15,16,FromSoftware,AAA,6,1,1400000000.0,233400000.0,103600000.0,Japan,6%,0%,100%,0%,0%,0%,0%,57%,0%,0%,0%
16,17,CD PROJEKT RED,AA,9,0,1400000000.0,154200000.0,14100000.0,Poland,8%,11%,22%,0%,33%,0%,33%,67%,0%,0%,0%
17,18,"KRAFTON, Inc.",AA,8,4,1300000000.0,166000000.0,11200000.0,South Korea,2%,8%,75%,8%,42%,33%,33%,17%,8%,8%,0%
18,19,Square Enix,AAA,162,1,1100000000.0,7100000.0,1300000.0,Japan,96%,2%,45%,4%,27%,4%,9%,64%,3%,1%,0%
19,20,Larian Studios,AA,8,0,1100000000.0,135000000.0,9500000.0,Belgium,8%,25%,13%,0%,50%,0%,63%,100%,0%,0%,0%
20,21,Warner Bros. Games,AAA,17,0,1000000000.0,59400000.0,37800000.0,United States,0%,0%,94%,6%,29%,0%,0%,12%,0%,0%,6%
21,22,Game Science,Indie,2,0,958700000.0,479300000.0,958700000.0,China,2%,50%,50%,0%,50%,0%,50%,50%,0%,0%,0%
22,23,Focus Entertainment,AA,70,1,707400000.0,10100000.0,3000000.0,France,2%,24%,48%,6%,48%,18%,17%,35%,3%,1%,3%
23,24,Bohemia Interactive,AAA,31,2,702500000.0,22700000.0,375000.0,Czech Republic,21%,30%,55%,15%,33%,36%,42%,3%,3%,0%,0%
24,25,Deep Silver,AA,46,2,702000000.0,15300000.0,7100000.0,Germany,0%,8%,75%,4%,31%,13%,13%,8%,0%,2%,2%
25,26,Devolver Digital,AA,136,13,667400000.0,4900000.0,1000000.0,United States,0%,79%,70%,15%,50%,9%,10%,10%,1%,1%,4%
26,27,Warner Bros. Interactive Entertainment,AAA,40,0,663500000.0,16600000.000000002,10800000.0,United States,0%,0%,85%,8%,60%,0%,10%,3%,0%,3%,0%
27,28,Coffee Stain Publishing,AA,15,0,618400000.0,41200000.0,9500000.0,Sweden,0%,60%,40%,47%,40%,27%,40%,13%,0%,0%,0%
28,29,Snail Games USA,Indie,18,4,556200000.0,30900000.0,3100000.0,United States,5%,59%,73%,23%,68%,27%,18%,59%,45%,0%,0%
29,30,Studio Wildcard,AA,3,1,534400000.0,178100000.0,246100000.0,United States,4%,100%,100%,0%,100%,0%,25%,100%,100%,0%,0%
30,31,Pocketpair,Indie,5,2,505300000.0,101100000.0,5900000.0,Japan,6%,71%,71%,43%,57%,29%,14%,43%,14%,0%,0%
31,32,Team17 Digital,Indie,91,9,455000000.0,5000000.0,801000.0,United Kingdom,25%,70%,49%,18%,38%,29%,36%,23%,1%,1%,3%
32,33,THQ Nordic,AA,153,6,417900000.0,2700000.0,568000.0,Austria,15%,10%,47%,3%,28%,21%,31%,34%,0%,10%,9%
33,34,Tripwire Interactive,AA,21,1,405500000.0,19300000.0,5500000.0,United States,10%,27%,86%,9%,27%,18%,36%,14%,18%,5%,0%
34,35,"KOEI TECMO GAMES CO., LTD.",AAA,132,0,385500000.0,2900000.0,584000.0,United States,131%,0%,30%,3%,13%,20%,32%,33%,2%,5%,5%
35,36,TaleWorlds Entertainment,AA,4,0,383800000.0,96000000.0,46300000.0,Turkey,4%,50%,75%,0%,0%,25%,25%,100%,0%,0%,0%
36,37,505 GAMES,AA,57,3,362600000.0,6400000.0,1400000.0,Italy,1%,40%,63%,10%,63%,28%,27%,35%,0%,5%,10%
37,38,Frontier Developments,AA,13,0,360900000.0,27800000.0,10600000.0,United Kingdom,13%,0%,31%,15%,31%,77%,77%,15%,15%,0%,0%
38,39,Facepunch Studios,AA,5,1,338100000.0,67600000.0,169000000.0,United Kingdom,6%,67%,67%,33%,17%,33%,50%,17%,17%,0%,17%
39,40,WB Games,AA,9,0,325800000.0,36200000.0,40800000.0,United States,0%,0%,100%,0%,78%,0%,0%,22%,0%,0%,0%
40,41,Codemasters,AA,35,0,316300000.0,9000000.0,1500000.0,United Kingdom,14%,0%,20%,6%,9%,43%,6%,11%,0%,71%,60%
41,42,Rebellion,AA,42,1,306900000.0,7300000.0,480000.0,United Kingdom,23%,5%,72%,2%,30%,5%,33%,5%,0%,0%,7%
42,43,Behaviour Interactive,Indie,9,1,295100000.0,32799999.999999996,1700000.0,Canada,6%,10%,60%,20%,30%,0%,20%,0%,10%,0%,0%
43,44,Klei Entertainment,AA,12,1,269700000.0,22500000.0,3900000.0,Canada,12%,85%,69%,8%,46%,31%,23%,31%,0%,8%,0%
44,45,Amazon Games,AAA,4,2,264700000.0,66200000.0,263800000.0,United States,1%,0%,100%,0%,67%,0%,0%,67%,67%,0%,0%
45,46,KONAMI,AA,46,5,245000000.0,5300000.0,557000.0,Japan,29%,10%,78%,12%,35%,16%,8%,14%,2%,2%,10%
46,47,VOID Interactive,Indie,1,0,244800000.0,244800000.0,244800000.0,Ireland,1%,100%,100%,0%,100%,0%,0%,0%,0%,0%,0%
47,48,Supergiant Games,AA,5,0,244300000.0,48900000.0,28500000.0,United States,5%,100%,100%,0%,0%,0%,0%,100%,0%,0%,0%
48,49,Activision (Excluding Japan and Asia),AAA,1,0,243500000.0,243500000.0,243500000.0,United States,0%,0%,100%,0%,100%,0%,0%,0%,0%,0%,0%
49,50,方块游戏 (Asia),AA,1,0,243500000.0,243500000.0,243500000.0,China,0%,0%,100%,0%,100%,0%,0%,0%,0%,0%,0%
50,51,"FromSoftware, Inc. (Japan)",Indie,1,0,243500000.0,243500000.0,243500000.0,Japan,0%,0%,100%,0%,100%,0%,0%,0%,0%,0%,0%
51,52,Axolot Games,AA,2,0,243500000.0,121700000.0,121700000.0,Sweden,1%,100%,50%,0%,100%,100%,0%,0%,0%,0%,0%
52,53,Offworld,Indie,4,0,242800000.0,60700000.0,15100000.0,United States,3%,100%,100%,0%,0%,25%,75%,0%,75%,0%,0%
53,54,Kinetic Games,Indie,1,0,238800000.0,238800000.0,238800000.0,United Kingdom,1%,100%,100%,0%,0%,0%,0%,0%,0%,0%,0%
54,55,Gearbox Publishing,AA,15,0,238100000.0,15900000.0,8900000.0,United States,0%,47%,67%,7%,53%,13%,20%,13%,0%,0%,0%
55,56,Fatshark,AA,10,0,236800000.0,23700000.0,5100000.0,Sweden,8%,80%,70%,20%,40%,0%,40%,20%,0%,0%,10%
56,57,Starbreeze Publishing,Indie,5,1,234500000.0,46900000.0,116400000.0,Sweden,0%,33%,100%,17%,0%,33%,33%,17%,17%,0%,17%
57,58,Curve Games,Indie,43,2,229700000.0,5300000.0,692000.0,United Kingdom,0%,82%,49%,20%,47%,38%,22%,11%,0%,9%,13%
58,59,The Fun Pimps Entertainment LLC,AA,1,1,221700000.0,221700000.0,221700000.0,United States,0%,50%,100%,0%,50%,50%,50%,50%,0%,0%,0%
59,60,Psyonix,Indie,1,0,218100000.0,218100000.0,0	Unit,ed States,1%,100%,100%,0%,0%,0%,0%,0%,0%,100%,100%
60,61,Private Division,Indie,10,1,215000000.0,21500000.0,6500000.0,United States,0%,36%,45%,9%,55%,27%,9%,45%,0%,0%,0%
61,62,Annapurna Interactive,Indie,36,9,211500000.0,5900000.0,677000.0,United States,1%,71%,31%,29%,89%,9%,0%,4%,0%,2%,2%
62,63,SCS Software,AA,6,0,204800000.0,34100000.0,1200000.0,Czech Republic,6%,100%,0%,0%,0%,100%,0%,0%,0%,0%,0%
63,64,Daedalic Entertainment,Indie,90,6,201200000.0,2200000.0,563000.0,Germany,24%,93%,24%,20%,60%,21%,33%,9%,1%,1%,0%
64,65,PlayWay S. A.,Indie,199,161,197100000.0,990000.0,133000.0,Poland,3%,75%,35%,52%,34%,91%,24%,9%,1%,6%,3%
65,66,Unknown Worlds Entertainment,AA,5,1,196100000.0,39200000.0,50400000.0,United States,5%,100%,50%,17%,33%,0%,17%,17%,0%,0%,0%
66,67,Arc Games,Indie,14,3,189600000.0,13500000.0,3400000.0,United States,0%,35%,71%,6%,47%,0%,12%,65%,18%,0%,0%
67,68,Humble Games,Indie,49,6,189000000.0,3900000.0,670000.0,United States,0%,80%,53%,15%,65%,18%,22%,35%,2%,0%,2%
68,69,Crytek,AA,11,0,188300000.0,17100000.0,5500000.0,Germany,10%,9%,55%,9%,18%,27%,0%,0%,0%,0%,9%
69,70,Endnight Games Ltd,AA,1,0,187400000.0,187400000.0,187400000.0,Canada,1%,100%,100%,0%,100%,100%,0%,0%,0%,0%,0%
70,71,11 bit studios,AA,18,4,184500000.0,10300000.0,3200000.0,Poland,10%,55%,50%,0%,50%,23%,41%,14%,0%,0%,0%
71,72,ConcernedApe,AA,1,0,180700000.0,180700000.0,180700000.0,United States,1%,100%,0%,0%,0%,100%,0%,100%,0%,0%,0%
72,73,tinybuild,Indie,102,12,180600000.0,1800000.0,589000.0,United States,9%,92%,66%,22%,60%,32%,26%,22%,4%,4%,4%
73,74,Wube Software LTD.,Indie,1,0,179200000.0,179200000.0,179200000.0,Czech Republic,1%,100%,0%,100%,0%,100%,100%,0%,0%,0%,0%
74,75,Re-Logic,Indie,3,0,178100000.0,59400000.0,89000000.0,United States,1%,100%,100%,0%,100%,33%,0%,100%,0%,0%,0%
75,76,Giants Software,Indie,9,1,177600000.0,19700000.0,14400000.0,Switzerland,10%,0%,0%,30%,0%,100%,0%,0%,0%,0%,0%
76,77,Eidos Interactive,AA,11,0,174700000.0,15900000.0,2600000.0,United Kingdom,0%,0%,100%,0%,27%,18%,0%,36%,0%,0%,0%
77,78,Kepler Interactive,Indie,12,1,166900000.0,13900000.0,1500000.0,United Kingdom,0%,85%,85%,23%,77%,8%,0%,46%,0%,15%,8%
78,79,Nacon,Indie,106,13,162500000.0,1500000.0,495000.0,France,0%,5%,24%,12%,26%,41%,20%,13%,2%,24%,48%
79,80,Hooded Horse,Indie,16,18,153100000.0,9600000.0,3500000.0,United States,0%,6%,12%,0%,3%,85%,100%,35%,0%,0%,0%
80,81,Newnight,Indie,1,0,152800000.0,152800000.0,152800000.0,United Kingdom,0%,100%,100%,0%,100%,100%,0%,0%,0%,0%,0%
81,82,"The,Indie Stone",Indie,1,0,152400000.0,152400000.0,152400000.0,United Kingdom,1%,100%,0%,0%,0%,100%,0%,100%,0%,0%,0%
82,83,Stunlock Studios,Indie,4,0,148200000.0,37000000.0,129699999.99999999,Sweden,4%,0%,100%,0%,25%,0%,0%,0%,75%,0%,0%
83,84,Quantic Dream,Indie,4,0,148100000.0,37000000.0,9100000.0,France,4%,0%,75%,0%,100%,0%,0%,25%,0%,0%,0%
84,85,Daybreak Game Company,AA,10,0,146000000.0,14600000.0,0,United States,5%,0%,70%,0%,50%,0%,0%,40%,100%,0%,0%
85,86,Hello Games,AA,4,2,145000000.0,36300000.0,2500000.0,United Kingdom,5%,50%,83%,33%,67%,0%,0%,0%,0%,33%,0%
86,87,Prime Matter,AA,19,0,144200000.0,7600000.0,629000.0,Germany,0%,11%,74%,0%,47%,5%,26%,37%,0%,0%,0%
87,88,Grinding Gear Games,AA,2,0,143200000.0,71600000.0,143200000.0,New Zealand,2%,50%,100%,0%,100%,0%,0%,100%,100%,0%,0%
88,89,Torn Banner Studios,Indie,4,0,141600000.0,35400000.0,70000000.0,Canada,4%,100%,100%,0%,0%,0%,0%,0%,0%,0%,0%
89,90,CI Games,AA,16,0,141200000.0,8800000.0,4000000.0,Poland,6%,13%,81%,0%,19%,19%,0%,19%,0%,0%,0%
90,91,The Behemoth,Indie,6,0,140300000.0,23400000.0,2900000.0,United States,6%,67%,100%,50%,33%,0%,17%,33%,0%,0%,0%
91,92,Neowiz,Indie,15,2,138500000.0,9200000.0,753000.0,South Korea,3%,65%,94%,29%,65%,12%,6%,35%,6%,6%,6%
92,93,Io-Interactive A/S,Indie,8,0,136300000.0,17000000.0,3600000.0,Denmark,8%,0%,100%,0%,13%,0%,0%,0%,0%,0%,0%
93,94,Red Barrels,AA,3,0,135600000.0,45200000.0,47500000.0,Canada,3%,100%,100%,0%,100%,0%,0%,0%,0%,0%,0%
94,95,GSC Game World (worldwide),Indie,1,0,127200000.0,127200000.0,127200000.0,Ukraine,0%,0%,100%,0%,100%,0%,0%,100%,0%,0%,0%
95,96,SEGA (Japan),Indie,1,0,127200000.0,127200000.0,127200000.0,Japan,0%,0%,100%,0%,100%,0%,0%,100%,0%,0%,0%
96,97,4divinity (China and South East Asia),Indie,1,0,127200000.0,127200000.0,127200000.0,China,0%,0%,100%,0%,100%,0%,0%,100%,0%,0%,0%
97,98,Skybound Games,AA,17,0,127200000.0,7500000.0,296000.0,United States,1%,47%,18%,24%,76%,12%,0%,18%,0%,0%,0%
98,99,Funcom,AA,18,1,123800000.0,6900000.0,1200000.0,Norway,11%,11%,63%,5%,79%,11%,26%,53%,37%,0%,0%
99,100,BeamNG,AA,1,0,122700000.0,122700000.0,122700000.0,Germany,1%,0%,0%,0%,0%,100%,0%,0%,0%,100%,0%
100,101,Kalypso Media Digital,AA,48,0,122600000.0,2600000.0,477000.0,United Kingdom,0%,13%,31%,6%,8%,40%,65%,27%,0%,2%,2%
101,102,Landfall,Indie,10,0,117200000.0,11700000.0,15100000.0,Sweden,8%,100%,90%,20%,30%,20%,20%,0%,0%,20%,0%
102,103,Zeekerss,Indie,4,1,115800000.0,28900000.0,551000.0,United States,5%,100%,80%,0%,80%,0%,0%,0%,0%,0%,0%
103,104,Gamera Games,Indie,116,12,111500000.0,961000.0,80.342,China,0%,85%,29%,26%,42%,27%,34%,34%,0%,1%,0%
104,105,New Blood Interactive,Indie,12,1,110300000.0,9200000.0,2000000.0,United States,0%,92%,77%,8%,31%,0%,15%,8%,0%,0%,0%
105,106,LucasArts,AA,38,0,110000000.0,2900000.0,454000.0,United States,17%,0%,63%,3%,37%,16%,11%,5%,0%,3%,0%
106,107,Lucasfilm,Indie,43,0,110000000.0,2600000.0,331000.0,United States,1%,0%,58%,2%,40%,12%,9%,5%,0%,2%,0%
107,108,Lightning Games,Indie,16,2,108500000.0,6800000.0,656000.0,China,4%,83%,56%,33%,39%,22%,28%,50%,0%,0%,0%
108,109,Disney,AAA,91,1,107100000.0,1200000.0,160000.0,United States,0%,0%,65%,7%,58%,8%,5%,1%,0%,9%,0%
109,110,1C-SoftClub,Indie,3,0,106300000.0,35400000.0,22200000.0,Russia,0%,0%,33%,0%,0%,0%,33%,67%,0%,0%,0%
110,111,ARC SYSTEM WORKS,Indie,47,2,105300000.0,2200000.0,143000.0,Japan,29%,4%,84%,6%,16%,6%,2%,12%,0%,2%,4%
111,112,"Spike Chunsoft Co., Ltd.",Indie,56,2,104100000.0,1900000.0,390000.0,Japan,22%,0%,17%,2%,78%,2%,3%,14%,0%,0%,2%
112,113,Stardock Entertainment,AA,25,0,101200000.0,4000000.0,632000.0,United States,21%,68%,24%,8%,16%,44%,96%,20%,0%,0%,0%
113,114,ZA/UM,Indie,1,0,101000000.0,101000000.0,101000000.0,Estonia,1%,0%,0%,0%,0%,0%,0%,100%,0%,0%,0%
114,115,Ludeon Studios,AA,1,0,97600000.0,97600000.0,97600000.0,Canada,1%,100%,0%,0%,0%,100%,100%,0%,0%,0%,0%
115,116,Frictional Games,AA,8,0,95600000.0,11900000.0,4800000.0,Sweden,7%,100%,75%,0%,100%,0%,0%,0%,0%,0%,0%
116,117,鬼谷工作室,Indie,1,0,94500000.0,94500000.0,94500000.0,China,1%,100%,100%,0%,100%,100%,0%,100%,0%,0%,0%
117,118,TVGS,Indie,1,0,93900000.0,93900000.0,93900000.0,Australia,1%,100%,100%,0%,0%,100%,100%,0%,0%,0%,0%
118,119,PLAYISM,Indie,120,16,91200000.0,760000.0,150000.0,Japan,0%,93%,53%,26%,41%,15%,7%,15%,0%,1%,3%
119,120,Keen Games GmbH,Indie,1,0,89200000.0,89200000.0,89200000.0,Germany,1%,0%,100%,0%,100%,0%,0%,100%,0%,0%,0%
120,121,"Jackbox Games, Inc.",Indie,26,0,88300000.0,3400000.0,183000.0,United States,26%,96%,0%,100%,0%,0%,96%,0%,0%,0%,0%
121,122,XSEED Games,AA,65,6,88000000.0,1400000.0,570000.0,United States,0%,14%,56%,17%,27%,17%,3%,54%,0%,1%,0%
122,123,Hinterland Studio Inc.,Indie,1,1,87500000.0,87500000.0,87500000.0,Canada,2%,100%,50%,0%,50%,100%,100%,0%,0%,0%,0%
123,124,Shiro Games,AA,6,1,87500000.0,14600000.0,5900000.0,France,7%,71%,29%,14%,71%,29%,43%,43%,14%,0%,0%
124,125,Fulqrum Publishing,Indie,124,3,86500000.0,697000.0,77.450,Czech Republic,14%,33%,36%,6%,26%,19%,46%,32%,0%,3%,0%
125,126,Red Hook Studios,AA,2,0,86200000.0,43100000.0,43100000.0,Canada,2%,100%,0%,0%,0%,0%,100%,100%,0%,0%,0%
126,127,Warhorse Studios,AA,1,0,86100000.0,86100000.0,86100000.0,Czech Republic,1%,0%,100%,0%,100%,0%,0%,100%,0%,0%,0%
127,128,Berserk Games,Indie,1,0,86000000.0,86000000.0,86000000.0,United States,1%,100%,0%,100%,0%,100%,100%,100%,0%,0%,0%
128,129,PlayStack,Indie,10,5,83400000.0,8300000.000000001,2100000.0,United Kingdom,0%,47%,47%,20%,53%,7%,20%,27%,0%,0%,0%
129,130,Kunos Simulazioni,Indie,1,0,82600000.0,82600000.0,82600000.0,Italy,1%,100%,0%,0%,0%,100%,0%,0%,0%,100%,100%
130,131,"Nicalis, Inc.",Indie,23,0,82600000.0,3600000.0,54.440,United States,8%,65%,78%,17%,48%,4%,13%,17%,0%,0%,0%
131,132,Raw Fury,Indie,55,5,81400000.0,1500000.0,761000.0,Sweden,1%,83%,38%,13%,50%,18%,23%,18%,0%,0%,0%
132,133,Chucklefish,AA,13,2,80700000.0,6200000.0,935000.0,United Kingdom,4%,93%,47%,13%,53%,13%,40%,60%,0%,0%,0%
133,134,"Marvelous USA, Inc.",Indie,58,5,80200000.0,1400000.0,537000.0,United States,0%,11%,57%,13%,22%,14%,3%,51%,0%,2%,0%
134,135,Studio MDHR Entertainment Inc.,AA,1,0,79400000.0,79400000.0,79400000.0,Canada,1%,100%,100%,0%,0%,0%,0%,0%,0%,0%,0%
135,136,NetEase Games Global,Indie,1,0,79200000.0,79200000.0,0,China,0%,0%,100%,0%,100%,0%,0%,0%,100%,0%,0%
136,137,Kalypso Media,AA,18,0,79100000.0,4400000.0,1500000.0,Germany,0%,0%,17%,0%,6%,50%,83%,17%,0%,0%,6%
137,138,Good Shepherd Entertainment,AA,30,1,78800000.0,2600000.0,693000.0,Netherlands,0%,68%,48%,13%,45%,19%,39%,23%,0%,0%,0%
138,139,Avalanche Studios,AA,5,0,77200000.0,15400000.0,8900000.0,Sweden,2%,0%,60%,20%,100%,80%,0%,0%,0%,0%,60%
139,140,"Cygames, Inc.",Indie,6,3,74900000.0,12500000.0,759000.0,Japan,8%,11%,56%,22%,22%,22%,22%,44%,0%,0%,22%
140,141,ScottGames,Indie,3,1,74500000.0,24800000.0,9600000.0,United States,0%,75%,50%,25%,25%,25%,0%,0%,0%,0%,0%
141,142,Slitherine LTD.,Indie,125,9,74000000.0,592000.0,172000.0,United Kingdom,9%,8%,0%,1%,1%,41%,97%,3%,0%,1%,1%
142,143,Team Cherry,AA,1,1,73500000.0,73500000.0,73500000.0,Australia,2%,100%,100%,0%,100%,0%,0%,0%,0%,0%,0%
143,144,IndieArk,Indie,55,7,73100000.0,1300000.0,137000.0,China,0%,77%,21%,35%,31%,37%,56%,35%,0%,0%,0%
144,145,FireFly Studios,Indie,12,1,72000000.0,6000000.0,3200000.0,United Kingdom,13%,0%,8%,0%,0%,77%,92%,8%,15%,0%,0%
145,146,New World Interactive,Indie,2,0,72000000.0,36000000.0,36000000.0,Canada,2%,100%,100%,0%,0%,0%,100%,0%,0%,0%,0%
146,147,Owlcat Games,Indie,2,3,71400000.0,35700000.0,35700000.0,Cyprus,3%,100%,20%,0%,80%,0%,60%,100%,0%,0%,0%
147,148,bilibili,Indie,9,1,70900000.0,7900000.0,3300000.0,China,0%,80%,50%,20%,70%,20%,20%,70%,0%,10%,10%
148,149,Frozenbyte,AA,9,0,70800000.0,7900000.0,1100000.0,Finland,9%,33%,100%,0%,44%,11%,0%,11%,11%,0%,0%
149,150,HIKARI FIELD,Indie,51,1,70000000.0,1400000.0,420000.0,China,2%,0%,0%,81%,96%,4%,0%,0%,0%,0%,2%
150,151,Missing Link Games,Indie,6,0,70000000.0,11700000.0,182000.0,United States,1%,50%,100%,17%,50%,0%,0%,0%,0%,17%,17%
151,152,Boneloaf,Indie,1,0,68000000.0,68000000.0,68000000.0,United Kingdom,1%,100%,100%,100%,100%,100%,0%,0%,0%,0%,0%
152,153,WhisperGames,Indie,75,8,66800000.0,891000.0,135000.0,China,0%,86%,28%,14%,53%,23%,35%,34%,0%,4%,2%
153,154,MINT ROCKET,Indie,1,0,66700000.0,66700000.0,66700000.0,South Korea,1%,0%,0%,100%,100%,100%,0%,100%,0%,0%,0%
154,155,Eleventh Hour Games,Indie,2,0,65599999.99999999,32799999.999999996,65599999.99999999,United States,2%,50%,50%,0%,100%,0%,50%,100%,0%,0%,0%
155,156,Double Fine Productions,Indie,14,0,65099999.99999999,4700000.0,2800000.0,United States,14%,36%,21%,21%,71%,7%,29%,7%,0%,0%,0%
156,157,Monomi Park,Indie,2,0,65099999.99999999,32500000.0,32500000.0,United States,2%,100%,100%,50%,100%,100%,0%,0%,0%,0%,0%
157,158,Frozen District,Indie,12,8,64300000.0,5400000.0,232000.0,Poland,2%,90%,15%,85%,30%,85%,5%,5%,0%,0%,0%
158,159,Crate Entertainment,AA,2,0,63400000.0,31700000.0,31700000.0,United States,2%,100%,50%,0%,50%,50%,50%,50%,0%,0%,0%
159,160,Toadman Interactive,Indie,3,1,62600000.0,20900000.0,31.692,Sweden,3%,0%,75%,0%,50%,0%,25%,0%,50%,0%,0%
160,161,Jagex Ltd,Indie,9,0,61300000.0,6800000.0,3500000.0,United Kingdom,3%,33%,56%,33%,44%,11%,22%,44%,44%,22%,11%
161,162,Digital Confectioners,Indie,3,0,61000000.0,20300000.0,28300000.0,New Zealand,2%,100%,100%,0%,33%,0%,0%,0%,0%,0%,0%
162,163,Keen Software House,AA,5,0,60500000.0,12100000.0,1500000.0,Czech Republic,5%,100%,100%,0%,20%,80%,60%,20%,0%,0%,0%
163,164,Starbreeze Entertainment,Indie,5,0,59700000.0,11900000.0,1300000.0,Sweden,0%,60%,60%,0%,40%,20%,20%,20%,0%,0%,0%
164,165,Microids,Indie,120,7,59700000.0,497000.0,46.545,France,17%,12%,40%,24%,61%,17%,10%,3%,2%,11%,7%
165,166,WOLCEN Studio,AA,1,1,59000000.0,59000000.0,59000000.0,France,2%,50%,100%,0%,50%,0%,0%,100%,0%,0%,0%
166,167,"Blizzard Entertainment, Inc.",AAA,2,0,57300000.0,28700000.0,57300000.0,United States,2%,0%,100%,0%,0%,0%,0%,50%,0%,0%,0%
167,168,Tuxedo Labs,Indie,1,0,56600000.0,56600000.0,56600000.0,Sweden,1%,100%,100%,0%,0%,100%,100%,0%,0%,0%,0%
168,169,GSC Game World,Indie,7,0,55900000.0,8000000.0,2000000.0,Ukraine,7%,0%,86%,0%,57%,0%,29%,71%,0%,0%,0%
169,170,semiwork,Indie,2,0,55300000.0,27600000.0,27600000.0,Sweden,2%,50%,100%,0%,50%,0%,0%,0%,0%,0%,0%
170,171,Milestone S.r.l.,Indie,46,1,54900000.0,1200000.0,815000.0,Italy,46%,2%,4%,0%,4%,81%,0%,0%,0%,98%,94%
171,172,inXile Entertainment,Indie,11,0,54800000.0,5000000.0,1000000.0,United States,11%,27%,27%,0%,36%,0%,45%,91%,0%,0%,0%
172,173,Fireshine Games,Indie,24,6,53800000.0,2200000.0,124000.0,United Kingdom,0%,70%,50%,27%,53%,27%,27%,30%,0%,0%,0%
173,174,4Divinity,Indie,8,1,52400000.0,6600000.0,523000.0,Singapore,0%,56%,78%,11%,67%,33%,11%,33%,0%,22%,22%
174,175,Innersloth,Indie,3,0,52100000.0,17400000.0,15300000.0,United States,2%,33%,0%,100%,33%,0%,0%,0%,0%,0%,0%
175,176,astragon Entertainment,Indie,23,2,51800000.0,2300000.0,362000.0,Germany,1%,16%,4%,32%,12%,84%,24%,0%,0%,0%,0%
176,177,HypeTrain Digital,Indie,53,15,51500000.0,972000.0,1200000.0,Cyprus,1%,81%,59%,22%,68%,43%,32%,49%,0%,4%,1%
177,178,NeoCoreGames,Indie,9,0,51100000.0,5700000.0,3600000.0,Hungary,9%,78%,78%,0%,78%,0%,33%,100%,0%,0%,0%
178,179,System Era Softworks,AA,1,0,50400000.0,50400000.0,50400000.0,United States,1%,100%,0%,0%,100%,0%,0%,0%,0%,0%,0%
179,180,SNK CORPORATION,Indie,31,0,50300000.0,1600000.0,212000.0,Japan,26%,0%,94%,10%,0%,3%,6%,10%,0%,0%,10%
180,181,Ninja Kiwi,Indie,11,1,50000000.0,4500000.0,25000000.0,New Zealand,12%,8%,75%,17%,0%,0%,75%,25%,0%,0%,0%
181,182,Playdead,AA,2,0,49700000.0,24900000.0,24900000.0,Denmark,2%,100%,100%,0%,100%,0%,0%,0%,0%,0%,0%
182,183,Eugen Systems,Indie,6,0,49600000.0,8300000.000000001,7100000.0,France,6%,100%,33%,0%,0%,83%,100%,0%,0%,0%,0%
183,184,Crowbar Collective,Indie,1,0,49500000.0,49500000.0,49500000.0,United States,1%,100%,100%,0%,100%,0%,0%,0%,0%,0%,0%
184,185,"MADFINGER Games, a.s.",Indie,1,0,49000000.0,49000000.0,49000000.0,Czech Republic,1%,0%,100%,0%,100%,0%,0%,0%,100%,0%,0%
185,186,SgtOkiDoki,Indie,1,0,49000000.0,49000000.0,49000000.0,United Kingdom,1%,0%,100%,0%,0%,0%,0%,0%,100%,0%,0%
186,187,Mega Crit,Indie,1,1,48400000.0,48400000.0,48400000.0,United States,2%,100%,0%,0%,0%,0%,100%,0%,0%,0%,0%
187,188,Remedy Entertainment,Indie,3,1,48100000.0,16000000.0,5500000.0,Finland,4%,0%,100%,0%,50%,0%,0%,0%,0%,25%,0%
188,189,SUPERHOT Team,Indie,3,0,48000000.0,16000000.0,13800000.0,Poland,3%,100%,100%,0%,0%,0%,0%,0%,0%,0%,0%
189,190,tobyfox,Indie,1,1,47800000.0,47800000.0,47800000.0,United States,2%,100%,0%,0%,0%,0%,0%,100%,0%,0%,0%
190,191,3909,Indie,2,0,47200000.0,23600000.0,23600000.0,Japan,0%,100%,0%,0%,100%,0%,0%,0%,0%,0%,0%
191,192,Sekai Project,Indie,163,7,46800000.0,287000.0,38.395,United States,3%,59%,15%,75%,44%,15%,5%,13%,0%,0%,1%
192,193,Aerosoft GmbH,Indie,50,3,46800000.0,935000.0,185000.0,Germany,0%,34%,19%,75%,9%,98%,19%,0%,0%,4%,2%
193,194,10 Chambers,Indie,1,1,46600000.0,46600000.0,46600000.0,Sweden,2%,0%,100%,0%,0%,0%,0%,0%,0%,0%,0%
194,195,Triternion,AA,1,0,46400000.0,46400000.0,46400000.0,Slovenia,1%,100%,100%,0%,0%,0%,0%,0%,0%,0%,0%
195,196,Beamdog,Indie,6,0,45500000.0,7600000.0,5800000.0,Canada,6%,0%,0%,0%,67%,0%,17%,83%,0%,0%,0%
196,197,NekoNyan Ltd.,Indie,31,4,45400000.0,1500000.0,211000.0,United Kingdom,3%,9%,3%,83%,66%,23%,0%,3%,0%,0%,3%
197,198,Toplitz Productions,Indie,25,7,45300000.0,1800000.0,296000.0,Germany,1%,19%,28%,25%,50%,84%,38%,38%,0%,3%,9%
198,199,Idea Factory International,AA,32,1,45000000.0,1400000.0,769000.0,Japan,1%,0%,45%,6%,33%,6%,30%,73%,0%,0%,0%
199,200,META Publishing,Indie,10,3,44600000.0,4500000.0,745000.0,Cyprus,1%,92%,92%,62%,100%,69%,54%,38%,0%,23%,15%
200,201,Konami Digital Entertainment,AA,15,0,42500000.0,2800000.0,0,Japan,12%,0%,13%,7%,7%,7%,13%,0%,0%,0%,80%
201,202,Stress Level Zero,Indie,5,0,42500000.0,8500000.0,1700000.0,United States,5%,80%,80%,40%,80%,40%,0%,0%,0%,0%,0%
202,203,Ndemic Creations,Indie,3,1,42300000.0,14100000.0,21200000.0,United Kingdom,4%,50%,0%,50%,0%,75%,100%,0%,0%,0%,0%
203,204,Motion Twin,AA,2,0,42100000.0,21000000.0,21000000.0,France,2%,100%,100%,0%,50%,0%,0%,0%,0%,0%,0%
204,205,Thunder Lotus Games,Indie,3,0,41900000.0,14000000.0,13600000.0,Canada,3%,100%,67%,0%,100%,33%,0%,0%,0%,0%,0%
205,206,"PopCap Games, Inc.",Indie,32,0,41800000.0,1300000.0,44.957,United States,23%,0%,3%,97%,0%,0%,13%,0%,0%,0%,0%
206,207,Serenity Forge,Indie,22,1,39700000.0,1800000.0,268000.0,United States,4%,91%,30%,17%,65%,17%,9%,52%,0%,0%,0%
207,208,"NIS America, Inc.",Indie,61,2,39600000.0,649000.0,272000.0,United States,0%,3%,35%,0%,37%,2%,25%,70%,0%,0%,0%
208,209,Chromatic Games,Indie,4,1,38600000.0,9600000.0,3300000.0,United States,5%,80%,100%,0%,40%,0%,60%,100%,0%,0%,0%
209,210,Planetary Annihilation Inc,Indie,2,0,38500000.0,19200000.0,19000000.0,United States,2%,50%,50%,0%,0%,0%,100%,0%,0%,0%,0%
210,211,RocketWerkz,Indie,4,1,38400000.0,9600000.0,2300000.0,New Zealand,4%,80%,80%,0%,20%,60%,60%,0%,0%,0%,0%
211,212,Shochiku (Japan),Indie,1,0,38300000.0,38300000.0,38300000.0,Japan,0%,100%,0%,0%,100%,100%,0%,100%,0%,0%,0%
212,213,CE-Asia(Asia),Indie,1,0,38200000.0,38200000.0,38200000.0,China,0%,0%,100%,0%,100%,0%,0%,100%,0%,0%,0%
213,214,Creepy Jar,Indie,1,1,37600000.0,37600000.0,37600000.0,Poland,2%,100%,100%,0%,100%,100%,0%,0%,0%,0%,0%
214,215,Croteam,Indie,5,0,37500000.0,7500000.0,1800000.0,Croatia,2%,100%,100%,0%,20%,0%,0%,0%,0%,0%,0%
215,216,Running With Scissors,Indie,6,0,37500000.0,6200000.0,5400000.0,United States,4%,50%,100%,0%,33%,0%,0%,0%,0%,0%,0%
216,217,Panic,AA,6,4,36700000.0,6100000.0,1600000.0,United States,0%,80%,20%,40%,60%,10%,10%,0%,0%,0%,10%
217,218,Joey Drew Studios,Indie,4,2,36700000.0,9200000.0,8100000.0,United States,5%,83%,100%,33%,100%,0%,33%,17%,0%,0%,0%
218,219,D3Publisher,Indie,31,0,36700000.0,1200000.0,141000.0,United States,1%,6%,55%,13%,39%,3%,0%,13%,0%,0%,0%
219,220,ProjectMoon,Indie,3,0,36600000.0,12200000.0,18300000.0,South Korea,3%,67%,33%,0%,0%,33%,67%,67%,0%,0%,0%
220,221,Egosoft,Indie,10,0,36500000.0,3700000.0,481000.0,Germany,10%,0%,60%,0%,0%,80%,70%,0%,0%,0%,0%
221,222,Kagura Games,Indie,173,18,36200000.0,209000.0,60.555,United States,0%,80%,9%,12%,38%,6%,1%,95%,0%,0%,0%
222,223,Kitfox Games,Indie,12,3,35700000.0,3000000.0,670000.0,Canada,6%,67%,7%,13%,27%,67%,47%,60%,0%,0%,0%
223,224,2PGames,Indie,49,23,35400000.0,723000.0,62.312,Hong Kong,0%,86%,28%,22%,65%,31%,40%,57%,0%,0%,0%
224,225,Kasedo Games,Indie,15,3,35400000.0,2400000.0,318000.0,United Kingdom,0%,67%,22%,17%,17%,44%,78%,17%,0%,0%,0%
225,226,"OMOCAT, LLC",Indie,1,0,34500000.0,34500000.0,34500000.0,United States,1%,100%,0%,0%,100%,0%,0%,100%,0%,0%,0%
226,227,Knights Peak,Indie,5,1,34400000.0,6900000.0,2100000.0,Netherlands,0%,33%,83%,0%,67%,0%,17%,33%,0%,0%,0%
227,228,Versus Evil,Indie,30,0,33900000.0,1100000.0,221000.0,United States,0%,87%,53%,10%,47%,3%,37%,47%,3%,0%,0%
228,229,Shining Rock Software LLC,Indie,1,0,33800000.0,33800000.0,33800000.0,United States,1%,100%,0%,0%,0%,100%,100%,0%,0%,0%,0%
229,230,RedCandleGames,Indie,3,0,33600000.0,11200000.0,12100000.0,China,3%,100%,33%,0%,100%,0%,0%,0%,0%,0%,0%
230,231,Telltale,Indie,17,0,33100000.0,1900000.0,315000.0,United States,16%,0%,29%,41%,94%,0%,0%,41%,0%,0%,0%
231,232,Ninja Theory,Indie,4,0,33000000.0,8300000.000000001,1100000.0,United Kingdom,4%,50%,100%,0%,50%,0%,0%,0%,0%,0%,0%
232,233,Clever Endeavour Games,Indie,1,1,33000000.0,33000000.0,33000000.0,Canada,2%,100%,100%,100%,0%,0%,0%,0%,0%,50%,0%
233,234,Lo-Fi Games,AA,1,0,32799999.999999996,32799999.999999996,32799999.999999996,United Kingdom,1%,100%,100%,0%,0%,100%,100%,100%,0%,0%,0%
234,235,Duoyi Games,Indie,1,0,32600000.0,32600000.0,32600000.0,China,1%,100%,100%,0%,100%,0%,0%,100%,0%,0%,0%
235,236,Edmund McMillen,Indie,5,1,32500000.0,6500000.0,1500000.0,United States,5%,100%,33%,17%,83%,17%,33%,33%,0%,0%,0%
236,237,Nolla Games,Indie,1,0,31400000.0,31400000.0,31400000.0,Finland,1%,100%,100%,0%,100%,100%,0%,100%,0%,0%,0%
237,238,Slightly Mad Studios,Indie,2,0,31200000.0,15600000.0,0,United Kingdom,2%,0%,0%,0%,0%,100%,0%,0%,0%,100%,100%
238,239,Siege Camp,Indie,2,1,30900000.0,15400000.0,15400000.0,Canada,3%,67%,67%,0%,0%,0%,67%,33%,67%,0%,0%
239,240,Maximum Entertainment,Indie,44,4,30600000.0,696000.0,152000.0,Sweden,4%,71%,63%,31%,56%,19%,10%,23%,0%,4%,4%
240,241,Gun Media,AA,1,0,30300000.0,30300000.0,0,United States,0%,0%,100%,0%,0%,0%,0%,0%,0%,0%,0%
241,242,Robot Entertainment.,Indie,8,0,30200000.0,3800000.0,8400000.0,United States,7%,75%,75%,0%,25%,0%,88%,25%,0%,0%,0%
242,243,Degica,Indie,22,0,30000000.0,1400000.0,188000.0,Japan,4%,9%,9%,9%,27%,9%,0%,5%,0%,0%,0%
243,244,Marvelous Europe,Indie,21,5,29900000.0,1400000.0,611000.0,United Kingdom,0%,15%,54%,23%,23%,38%,4%,46%,0%,0%,0%
244,245,Iceberg Interactive,Indie,63,6,29800000.0,472000.0,158000.0,Netherlands,0%,86%,32%,20%,51%,28%,35%,12%,0%,1%,3%
245,246,Nexon,Indie,7,3,29500000.0,4200000.0,14800000.0,Japan,4%,0%,100%,20%,30%,10%,20%,40%,30%,0%,0%
246,247,Beat Games,AA,1,0,29500000.0,29500000.0,29500000.0,Czech Republic,1%,100%,0%,0%,0%,0%,0%,0%,0%,0%,0%
247,248,Maddy Makes Games Inc.,Indie,2,0,29500000.0,14700000.0,14700000.0,Canada,2%,100%,100%,0%,50%,0%,0%,0%,0%,0%,0%
248,249,Scott Cawthon,Indie,9,0,29400000.0,3300000.0,5100000.0,United States,9%,89%,56%,0%,11%,44%,11%,22%,0%,0%,0%
249,250,Another Axiom Inc.,Indie,1,0,29300000.0,29300000.0,29300000.0,United States,1%,0%,100%,100%,0%,0%,0%,0%,0%,0%,0%
250,251,Secret Mode,Indie,19,1,28800000.0,1500000.0,362000.0,United Kingdom,0%,55%,30%,50%,50%,25%,10%,5%,5%,20%,0%
251,252,"Thekla, Inc.",Indie,2,0,28600000.0,14300000.0,14300000.0,United States,2%,100%,50%,0%,100%,0%,0%,0%,0%,0%,0%
252,253,Subset Games,Indie,2,0,28600000.0,14300000.0,14300000.0,United States,2%,100%,0%,0%,0%,100%,100%,50%,0%,0%,0%
253,254,Telltale Games,Indie,19,0,28500000.0,1500000.0,0,United States,19%,0%,5%,11%,74%,0%,0%,0%,0%,0%,5%
254,255,Source Technology,Indie,1,0,28400000.0,28400000.0,28400000.0,China,0%,100%,100%,100%,0%,0%,0%,0%,0%,0%,0%
255,256,Pine Studio,Indie,2,4,28200000.0,14100000.0,14100000.0,Croatia,6%,83%,33%,83%,100%,83%,0%,33%,0%,0%,0%
256,257,北京网元圣唐娱乐科技有限公司,Indie,5,0,28100000.0,5600000.0,2700000.0,China,0%,0%,20%,0%,20%,0%,0%,100%,20%,0%,0%
257,258,Geometa,Indie,1,0,28100000.0,28100000.0,28100000.0,United Kingdom,1%,0%,0%,0%,0%,100%,0%,0%,0%,0%,0%
258,259,Amanita Design,Indie,9,1,28000000.0,3100000.0,1500000.0,Czech Republic,10%,100%,0%,80%,100%,0%,0%,0%,0%,0%,0%
259,260,Galactic Cafe,Indie,2,0,27700000.0,13800000.0,27700000.0,United Kingdom,2%,100%,0%,0%,100%,0%,0%,0%,0%,0%,0%
